quality,fixed acidity,volatile acidity,citric acid,residual sugar,chlorides,free sulfur dioxide,total sulfur dioxide,density,pH,sulphates,alcohol
3,0.9529965207003057,0.8708598813052264,1.2293010922009595,1.407971366177351,1.396388992611759,1.7323376954998793,0.729677317605583,0.06609856606897861,-0.012701073686380111,1.4540675508510816,-0.5679288477138051
4,0.920378590495619,0.15763698678070523,1.715727646211582,3.9567473157135415,6.335041811942572,1.371702468072274,1.2064646274003181,0.43823462146594117,-0.3104085912717367,4.340695871133193,0.6495789089176114
5,1.3829464099343631,0.5937136137589714,0.52458043038373,4.401544384171378,5.340846868144894,1.2010508987914221,0.7573474147524057,0.47655608547308914,0.053289467326347595,2.8191204909630923,1.8385144269977312
6,0.8341106680872856,0.4347917633485297,0.2223756737429314,5.491087869838078,4.8610152826477275,1.2233951696211303,1.3476457801786685,0.04727734368144303,0.3028045530235312,2.7176713467363225,0.5469960494191507
7,0.5144056818205991,0.9572706151137832,-0.3812505712427873,2.2193581733317616,4.985401666069595,1.4917985206133515,4.593582775255011,0.34317014507158344,0.38291982443065914,0.6090546404866747,0.010489146075922355
8,0.04361506935167122,1.7218585423153367,-0.3883837274793933,2.1323591453112627,-0.7811114119782177,1.492358175862151,1.3395343887525533,-0.23902237658573117,0.4217192018503431,1.4558559938294244,-0.23458214343477934
